{
  "providers": {
    "awscloudformation": {
      "AuthRoleName": "amplify-awsamplifysaasboiler-master-143914-authRole",
      "UnauthRoleArn": "arn:aws:iam::272589676550:role/amplify-awsamplifysaasboiler-master-143914-unauthRole",
      "AuthRoleArn": "arn:aws:iam::272589676550:role/amplify-awsamplifysaasboiler-master-143914-authRole",
      "Region": "eu-central-1",
      "DeploymentBucketName": "amplify-awsamplifysaasboiler-master-143914-deployment",
      "UnauthRoleName": "amplify-awsamplifysaasboiler-master-143914-unauthRole",
      "StackName": "amplify-awsamplifysaasboiler-master-143914",
      "StackId": "arn:aws:cloudformation:eu-central-1:272589676550:stack/amplify-awsamplifysaasboiler-master-143914/d5db91a0-eb15-11ec-af9b-0a3b625a4618",
      "AmplifyAppId": "d1fw7i1ro7x9xz"
    }
  },
  "auth": {
    "awsamplifysaasboilerc1590926": {
      "service": "Cognito",
      "providerPlugin": "awscloudformation",
      "dependsOn": [],
      "customAuth": false,
      "frontendAuthConfig": {
        "socialProviders": [],
        "usernameAttributes": [
          "EMAIL"
        ],
        "signupAttributes": [
          "EMAIL"
        ],
        "passwordProtectionSettings": {
          "passwordPolicyMinLength": 8,
          "passwordPolicyCharacters": []
        },
        "mfaConfiguration": "OFF",
        "mfaTypes": [
          "SMS"
        ],
        "verificationMechanisms": [
          "EMAIL"
        ]
      },
      "providerMetadata": {
        "s3TemplateURL": "https://s3.amazonaws.com/amplify-awsamplifysaasboiler-master-143914-deployment/amplify-cfn-templates/auth/awsamplifysaasboilerc1590926-cloudformation-template.json",
        "logicalId": "authawsamplifysaasboilerc1590926"
      },
      "lastPushTimeStamp": "2022-06-22T12:54:59.880Z",
      "output": {
        "UserPoolId": "eu-central-1_oOGHh6HOQ",
        "AppClientIDWeb": "3e1ntl33a26dmo4epm1202o6fg",
        "AppClientID": "78uos2nhj2fg544bteovuphvdp",
        "IdentityPoolId": "eu-central-1:c5c3bf31-fdae-4509-a4e5-3fd45be75210",
        "UserPoolArn": "arn:aws:cognito-idp:eu-central-1:272589676550:userpool/eu-central-1_oOGHh6HOQ",
        "IdentityPoolName": "awsamplifysaasboilerc1590926_identitypool_c1590926__master",
        "UserPoolName": "awsamplifysaasboilerc1590926_userpool_c1590926"
      },
      "lastPushDirHash": "t6IP0MZEa9T1rSvj3j/wRJkSda8="
    }
  }
}