{
  "version": "1",
  "cognitoConfig": {
    "resourceNameTruncated": "awsampc1590926",
    "userPoolName": "awsamplifysaasboilerc1590926_userpool_c1590926",
    "autoVerifiedAttributes": [
      "email"
    ],
    "mfaConfiguration": "OFF",
    "mfaTypes": [
      "SMS Text Message"
    ],
    "smsAuthenticationMessage": "Your authentication code is {####}",
    "smsVerificationMessage": "Your verification code is {####}",
    "emailVerificationSubject": "Your verification code",
    "emailVerificationMessage": "Your verification code is {####}",
    "defaultPasswordPolicy": false,
    "passwordPolicyMinLength": 8,
    "passwordPolicyCharacters": [],
    "requiredAttributes": [
      "email"
    ],
    "aliasAttributes": [],
    "userpoolClientGenerateSecret": false,
    "userpoolClientRefreshTokenValidity": "360",
    "userpoolClientWriteAttributes": [
      "email"
    ],
    "userpoolClientReadAttributes": [
      "email"
    ],
    "userpoolClientLambdaRole": "awsampc1590926_userpoolclient_lambda_role",
    "userpoolClientSetAttributes": false,
    "sharedId": "c1590926",
    "resourceName": "awsamplifysaasboilerc1590926",
    "authSelections": "userPoolOnly",
    "useDefault": "manual",
    "usernameAttributes": [
      "email"
    ],
    "userPoolGroupList": [],
    "serviceName": "Cognito",
    "usernameCaseSensitive": false,
    "useEnabledMfas": true,
    "authRoleArn": {
      "Fn::GetAtt": [
        "AuthRole",
        "Arn"
      ]
    },
    "unauthRoleArn": {
      "Fn::GetAtt": [
        "UnauthRole",
        "Arn"
      ]
    },
    "breakCircularDependency": true,
    "dependsOn": [],
    "userPoolGroups": false,
    "adminQueries": false,
    "triggers": {},
    "hostedUI": false,
    "parentStack": {
      "Ref": "AWS::StackId"
    },
    "permissions": [],
    "authProviders": []
  }
}